{
    "name": "cerapter-homebrew",
    "title": "Cerapter's Homebrew",
    "description": "Mostly for myself, and mostly for convenience.",
    "version": "1.0.0",
    "author": "Cerapter",
    "minimumCoreVersion": "0.8.6",
    "compatibleCoreVersion": "9",
    "packs": [
        {
            "name": "simple-homebrew",
            "label": "Simple Homebrew",
            "path": "./packs/simple-homebrew.db",
            "entity": "Item",
            "type": "Item"
        }
    ],
    "manifest": "https://raw.githubusercontent.com/Cerapter/pathfinder2e-homebrew/main/module.json",
    "download": "https://gitlab.com/encounterlibrary/my-content-module/-/raw/main/my-content-module.zip"
}